{
    "serial number": "7CH-4AA-0001-MCF-even",
    "length": 200.0,
    "diameter": 1.27,
    "Emod": 83000,
    "pratio": 0.33,
    "# channels": 4,
    "# active areas": 4,
    "Sensor Locations": {
        "1": 190.0,
        "2": 165.0,
        "3": 130.0,
        "4": 100.0
    },
    "Calibration Matrices": {
        "190.0": [
            [
                -698.2853773488007,
                -719.6126485573733,
                -724.6209691195243
            ],
            [
                -807.3554780248412,
                -797.7539037059132,
                -817.6595704011046
            ]
        ],
        "165.0": [
            [
                163.37949838360163,
                148.80543697448476,
                140.7572217835803
            ],
            [
                612.810952265734,
                638.0807585294366,
                608.1576501127194
            ]
        ],
        "130.0": [
            [
                301.2252056024052,
                280.4051727385534,
                271.9869183478326
            ],
            [
                12.400914783126579,
                28.549382999908758,
                -0.6144305668964841
            ]
        ],
        "100.0": [
            [
                1891.531917685448,
                1860.636789448325,
                1858.2845852806774
            ],
            [
                -1181.6394824051047,
                -1184.1906344179044,
                -1218.2948445653801
            ]
        ]
    },
    "Central Core CH": 4
}