{
    "serial number": "2CH-4AA-0001",
    "length": 165.0,
    "diameter": 1.27,
    "Emod": 200000,
    "pratio": 0.29,
    "# channels": 2,
    "# active areas": 4,
    "Sensor Locations": {
        "1": 65.0,
        "2": 100.0,
        "3": 135.0,
        "4": 155.0
    },
    "Calibration Matrices": {
        "65.0": [
            [
                -1.389232062371995,
                4.788991980135245
            ],
            [
                -5.011010120953675,
                1.173264147999622
            ]
        ],
        "100.0": [
            [
                -0.659999818936315,
                3.242868912009538
            ],
            [
                -2.724487365712445,
                1.072489958135295
            ]
        ],
        "135.0": [
            [
                -3.746215358135378,
                3.420561154478782
            ],
            [
                -3.851729578776803,
                1.101790184901246
            ]
        ],
        "155.0": [
            [
                -4.603426609513273 ,
                16.621729159502966
            ],
            [
                -11.307496807746592,
                2.209333032396484
            ]
        ]
    },
    "weights": {
        "65.0": 0.396476763225053,
        "100.0": 0.377702305364081,
        "135.0": 0.097712380157397,
        "155.0": 0.128108551253470
    }
}
