{"X":[[0.58160160614587242,-0.21163605159747231,0.21968492357772457,-0.41036325998222989,-0.31541140455984029,0.0066959764488902836,0.070035882120662335,-0.052399086993218394,-0.16627330231352486,-0.10671142186319749,0.10401202029109151,-0.15963271691282849,-0.14290603275743169,-0.11780580614416025,-0.22402566024874554,0.061507031847650384,-0.035306822846290185,-0.46597343116101519,0.078270720886580186,0.036737819172388428],[0.16504377884569818,-0.09372311622012483,-0.055574386557527777,-0.070769999554886651,0.10159493018118912,-0.26673558868562119,-0.059813206066596479,-0.35004247368935792,-0.19584126103346042,-0.40052714717661209,-0.0040055703285076152,0.2037370564257151,0.27027715368533134,-0.058750719547083219,0.50519993842366184,-0.2514236718704107,0.15828321232572679,-0.28981945856774788,0.090335883785647511,-0.095230603323814764],[0.2757943955833228,-0.054493881850037493,0.14030829163265671,-0.16471730503137055,0.056396812734111235,0.22549845566831803,0.004577958550325955,-0.057130194319065963,-0.23128033113280044,0.19284588452632551,-0.0069542172056965921,-0.026643495901546937,-0.04495421121051682,-0.16958524872758679,0.33109951857746911,-0.17309360611096075,-0.26640088426304948,0.066702166613161168,-0.026056930629144125,0.17240432231138442]],"dx":0.5,"result":[-0.93862341359602786,-0.71804388887605985,-0.06167747875364897]}